epoch,time,train/box_loss,train/cls_loss,train/dfl_loss,metrics/precision(B),metrics/recall(B),metrics/mAP50(B),metrics/mAP50-95(B),val/box_loss,val/cls_loss,val/dfl_loss,lr/pg0,lr/pg1,lr/pg2
1,133.037,1.98243,9.5486,0.86308,0.00061,0.19328,0.00036,0.00017,1.83812,inf,1.11261,0.000663248,0.000663248,0.000663248
2,333.31,2.12516,1.19227,0.90373,0.08208,0.17647,0.0252,0.01307,nan,nan,nan,0.00132553,0.00132553,0.00132553
3,570.141,1.95973,0.96012,0.87495,0.9589,0.89916,0.95686,0.47998,1.52893,0.70945,0.87454,0.0019834,0.0019834,0.0019834
4,779.322,1.8547,0.85427,0.88181,0.92377,0.81469,0.93959,0.51656,1.63446,0.84938,0.90781,0.0019802,0.0019802,0.0019802
5,1016.66,1.7243,0.78577,0.84687,0.89309,0.91256,0.95973,0.5085,1.52418,0.67719,0.89423,0.0019736,0.0019736,0.0019736
6,1276.71,1.73878,0.78446,0.86737,0.93116,0.91597,0.9765,0.54944,1.43651,0.68519,0.87054,0.001967,0.001967,0.001967
7,1537.77,1.68956,0.76907,0.85573,0.93768,0.93277,0.97291,0.56624,1.2925,0.63612,0.85144,0.0019604,0.0019604,0.0019604
8,1814.23,1.65961,0.69803,0.85097,0.93804,0.88235,0.96743,0.54622,1.23295,0.62479,0.86381,0.0019538,0.0019538,0.0019538
9,2022.4,1.64711,0.76369,0.85764,0.93831,0.95798,0.98284,0.52694,1.37829,0.61491,0.86311,0.0019472,0.0019472,0.0019472
10,2250.47,1.62037,0.67453,0.84508,1,0.90683,0.96688,0.57564,1.31363,0.60833,0.85777,0.0019406,0.0019406,0.0019406
11,2451.37,1.62718,0.69193,0.84318,0.94964,0.9507,0.97863,0.59419,1.35992,0.54729,0.85295,0.001934,0.001934,0.001934
12,2649.43,1.58932,0.6809,0.85619,0.91889,0.95197,0.98027,0.5888,1.30874,0.57164,0.84296,0.0019274,0.0019274,0.0019274
13,2833.06,1.54193,0.64354,0.83589,0.93962,0.89916,0.94463,0.557,1.32284,0.5972,0.8498,0.0019208,0.0019208,0.0019208
14,3010.61,1.52549,0.62149,0.839,0.96512,0.94958,0.98355,0.6132,1.21375,0.5348,0.86094,0.0019142,0.0019142,0.0019142
15,3192.17,1.53749,0.65553,0.83089,0.93946,0.94958,0.96364,0.58468,1.27046,0.5924,0.85179,0.0019076,0.0019076,0.0019076
16,3377.06,1.52751,0.64821,0.84455,0.97696,0.91597,0.97946,0.61256,1.19191,0.57127,0.84731,0.001901,0.001901,0.001901
17,3561.01,1.51662,0.63793,0.83924,0.96637,0.96584,0.98516,0.59262,1.19036,0.56512,0.84508,0.0018944,0.0018944,0.0018944
18,3780.83,1.41725,0.61707,0.82418,0.98207,0.92033,0.98689,0.55739,1.22966,0.54076,0.84155,0.0018878,0.0018878,0.0018878
19,3987.25,1.46015,0.64955,0.81975,0.97394,0.88235,0.97675,0.59204,1.06611,0.54096,0.82331,0.0018812,0.0018812,0.0018812
20,4184.8,1.47887,0.6595,0.82471,0.96806,0.94118,0.98242,0.62514,1.2289,0.55574,0.84629,0.0018746,0.0018746,0.0018746
21,4405.42,1.52555,0.65504,0.82351,0.99144,0.97371,0.99188,0.6426,1.08412,0.50684,0.8338,0.001868,0.001868,0.001868
22,4623.98,1.44495,0.60802,0.82243,0.97362,0.93049,0.98926,0.63642,1.11909,0.52192,0.83642,0.0018614,0.0018614,0.0018614
23,4845.48,1.50887,0.59378,0.82795,0.98234,0.93462,0.98376,0.62216,1.11328,0.55506,0.83445,0.0018548,0.0018548,0.0018548
24,5064.54,1.39527,0.59203,0.82328,0.94722,0.93277,0.9805,0.60832,1.31133,0.5993,0.85918,0.0018482,0.0018482,0.0018482
25,5249.66,1.50081,0.61853,0.82792,0.95391,0.95798,0.98976,0.64063,1.08607,0.50321,0.82904,0.0018416,0.0018416,0.0018416
26,5468.44,1.42432,0.58685,0.82968,0.9827,0.95454,0.99053,0.6352,1.13729,0.51834,0.83339,0.001835,0.001835,0.001835
27,5674.1,1.40518,0.59213,0.82362,0.94863,0.93107,0.97571,0.61742,1.06133,0.56638,0.82364,0.0018284,0.0018284,0.0018284
28,5872.4,1.39346,0.58605,0.81004,0.95731,0.94958,0.98297,0.61989,1.18934,0.51381,0.83941,0.0018218,0.0018218,0.0018218
29,6074.12,1.51621,0.62986,0.82563,0.95349,0.92437,0.97451,0.60723,1.19694,0.66502,0.8419,0.0018152,0.0018152,0.0018152
30,6270.09,1.42892,0.57528,0.82345,0.97303,0.95798,0.99008,0.59834,1.16851,0.49416,0.8327,0.0018086,0.0018086,0.0018086
31,6477.56,1.43212,0.56885,0.83,0.9912,0.94621,0.98483,0.63125,1.09243,0.50913,0.83455,0.001802,0.001802,0.001802
32,6686.04,1.35496,0.57622,0.8295,0.96595,0.95353,0.98805,0.6621,1.02627,0.4927,0.82889,0.0017954,0.0017954,0.0017954
33,6870.9,1.38394,0.56688,0.82057,0.97975,0.95798,0.99081,0.65093,1.07172,0.47045,0.82718,0.0017888,0.0017888,0.0017888
34,7088.99,1.46675,0.60863,0.82943,1,0.92306,0.98719,0.64555,1.1288,0.49646,0.83398,0.0017822,0.0017822,0.0017822
35,7294.05,1.43098,0.60182,0.82712,0.98245,0.9407,0.98888,0.61414,1.05788,0.48282,0.82343,0.0017756,0.0017756,0.0017756
36,7491.12,1.43143,0.61655,0.81064,0.97507,0.98596,0.99381,0.64404,1.06983,0.48481,0.82652,0.001769,0.001769,0.001769
37,7690.67,1.36559,0.57675,0.80337,0.97445,0.96169,0.99323,0.6657,1.06159,0.50217,0.82573,0.0017624,0.0017624,0.0017624
38,7886.37,1.38617,0.58135,0.82366,0.98049,0.94958,0.98692,0.6677,1.10768,0.49888,0.82967,0.0017558,0.0017558,0.0017558
39,8094.36,1.40287,0.56801,0.81786,0.97156,0.95798,0.99172,0.66872,1.08168,0.49787,0.82658,0.0017492,0.0017492,0.0017492
40,8303.05,1.35668,0.55214,0.81599,0.99139,0.96781,0.99418,0.66336,1.03328,0.46303,0.82631,0.0017426,0.0017426,0.0017426
41,8487.79,1.35002,0.56125,0.79747,0.98878,0.97479,0.99419,0.65193,1.14174,0.50322,0.82703,0.001736,0.001736,0.001736
42,8705.85,1.40542,0.57603,0.81858,0.99128,0.95549,0.98805,0.64934,1.10955,0.46147,0.82474,0.0017294,0.0017294,0.0017294
43,8910.66,1.41313,0.55995,0.82375,0.9932,0.96639,0.99442,0.64392,1.04609,0.54654,0.81986,0.0017228,0.0017228,0.0017228
44,9161.44,1.31201,0.53301,0.81461,0.98689,0.98319,0.9936,0.6632,1.00992,0.46651,0.82139,0.0017162,0.0017162,0.0017162
45,9368.12,1.35988,0.56691,0.81266,0.95984,0.97479,0.99251,0.68728,1.08338,0.47809,0.82935,0.0017096,0.0017096,0.0017096
46,9590.65,1.33844,0.559,0.82382,0.98324,0.9858,0.9945,0.64608,1.04463,0.46866,0.81889,0.001703,0.001703,0.001703
47,9805.6,1.33195,0.54643,0.81373,0.98674,0.94958,0.99305,0.66996,0.98288,0.4549,0.82621,0.0016964,0.0016964,0.0016964
48,10020.8,1.32347,0.56345,0.81499,0.99125,0.9522,0.99264,0.66671,0.97206,0.48896,0.81949,0.0016898,0.0016898,0.0016898
49,10206.3,1.31089,0.55197,0.81558,0.9914,0.96886,0.99185,0.65159,0.95177,0.43528,0.81605,0.0016832,0.0016832,0.0016832
50,10423.4,1.3645,0.58535,0.80423,0.97482,0.97589,0.99368,0.67464,1.04969,0.46998,0.82386,0.0016766,0.0016766,0.0016766
51,10653.2,1.34238,0.54806,0.82242,0.96518,0.97479,0.98866,0.62318,1.15884,0.49996,0.82516,0.00167,0.00167,0.00167
52,10864.6,1.30988,0.55455,0.80748,0.97379,0.97479,0.99034,0.60029,1.18755,0.52325,0.83455,0.0016634,0.0016634,0.0016634
53,11104.7,1.35884,0.55653,0.81252,1,0.95543,0.99361,0.65752,1.00412,0.45451,0.81457,0.0016568,0.0016568,0.0016568
54,11314.7,1.25802,0.54532,0.79192,0.98232,0.93387,0.98597,0.64804,1.08056,0.51596,0.82008,0.0016502,0.0016502,0.0016502
55,11553.3,1.36406,0.54843,0.81604,0.9579,0.95594,0.98266,0.66283,1.25915,0.57273,0.84508,0.0016436,0.0016436,0.0016436
56,11763,1.36662,0.5822,0.81692,0.95841,0.96821,0.99048,0.66756,1.02412,0.4936,0.8195,0.001637,0.001637,0.001637
57,11961.3,1.33977,0.5974,0.81452,0.96692,0.98245,0.99359,0.64406,1.06587,0.49611,0.82429,0.0016304,0.0016304,0.0016304
58,12177.5,1.33529,0.5547,0.819,1,0.97176,0.99397,0.67709,1.05654,0.47404,0.82617,0.0016238,0.0016238,0.0016238
59,12392.5,1.33145,0.53532,0.80912,0.97036,0.95798,0.98565,0.69967,0.94979,0.55339,0.81684,0.0016172,0.0016172,0.0016172
60,12607.5,1.28196,0.54258,0.80462,0.9969,0.97479,0.99467,0.67664,1.00591,0.60149,0.81781,0.0016106,0.0016106,0.0016106
61,12846.1,1.30968,0.53979,0.80021,0.95043,0.96679,0.98235,0.65756,1.04302,0.45258,0.82682,0.001604,0.001604,0.001604
62,13056.4,1.34002,0.56554,0.81204,0.98599,0.96639,0.99223,0.66109,1.07913,0.48135,0.81688,0.0015974,0.0015974,0.0015974
63,13293.7,1.2801,0.53939,0.80121,0.97634,0.97479,0.9876,0.71476,0.86403,0.44597,0.81713,0.0015908,0.0015908,0.0015908
64,13504.7,1.34359,0.53275,0.82381,0.98326,0.98691,0.99407,0.67384,0.99282,0.44133,0.82149,0.0015842,0.0015842,0.0015842
65,13708.4,1.31101,0.54296,0.82227,0.98966,0.98319,0.99458,0.68359,1.03458,0.49038,0.81505,0.0015776,0.0015776,0.0015776
66,13941.8,1.31372,0.54217,0.80138,0.99859,0.97479,0.99426,0.68034,0.99288,0.44894,0.81852,0.001571,0.001571,0.001571
67,14153.2,1.32486,0.53866,0.81543,0.98314,0.98022,0.9931,0.68531,1.01389,0.44594,0.8228,0.0015644,0.0015644,0.0015644
68,14356.7,1.269,0.52645,0.80697,0.99185,0.96639,0.99442,0.67324,0.96437,0.43077,0.81385,0.0015578,0.0015578,0.0015578
69,14571,1.33052,0.54329,0.82315,0.99145,0.97463,0.99368,0.69376,0.98163,0.45095,0.81831,0.0015512,0.0015512,0.0015512
70,14786.5,1.33907,0.54446,0.80919,0.99324,0.94958,0.99354,0.68584,1.07738,0.47697,0.82427,0.0015446,0.0015446,0.0015446
71,15000.5,1.28381,0.5486,0.78975,0.9783,0.95798,0.9926,0.68271,0.95383,0.45248,0.81615,0.001538,0.001538,0.001538
72,15217.2,1.2655,0.51907,0.80018,0.99411,0.96639,0.99269,0.69691,1.04247,0.47738,0.81742,0.0015314,0.0015314,0.0015314
73,15412.6,1.33347,0.5683,0.79684,0.98288,0.96472,0.98214,0.62953,1.1576,0.49193,0.82926,0.0015248,0.0015248,0.0015248
74,15632.7,1.354,0.55442,0.81276,0.98049,0.97479,0.99391,0.68766,0.96461,0.46762,0.81847,0.0015182,0.0015182,0.0015182
75,15861.6,1.25719,0.52023,0.79633,0.99144,0.97346,0.98821,0.68387,0.93301,0.41897,0.81433,0.0015116,0.0015116,0.0015116
76,16076.8,1.32272,0.53928,0.80224,0.96987,0.96639,0.98125,0.68443,0.93144,0.43921,0.81382,0.001505,0.001505,0.001505
77,16293.9,1.30735,0.53095,0.81036,0.99133,0.96053,0.98887,0.69677,0.95866,0.44888,0.81247,0.0014984,0.0014984,0.0014984
78,16535.7,1.29858,0.54468,0.81552,0.985,0.94958,0.9906,0.67489,0.97664,0.53079,0.81297,0.0014918,0.0014918,0.0014918
79,16752.5,1.28347,0.52946,0.80496,0.98545,0.94958,0.99237,0.67088,0.98832,0.47517,0.81499,0.0014852,0.0014852,0.0014852
80,16992.8,1.29664,0.52903,0.8046,0.98271,0.95547,0.99211,0.6718,0.93736,0.4273,0.81603,0.0014786,0.0014786,0.0014786
81,17191.1,1.29504,0.52325,0.81075,0.99873,0.95798,0.99185,0.68728,0.96571,0.42446,0.81392,0.001472,0.001472,0.001472
82,17411.5,1.234,0.51806,0.80647,0.98318,0.9824,0.9933,0.70732,0.95983,0.44267,0.81916,0.0014654,0.0014654,0.0014654
83,17623.3,1.29224,0.52206,0.81082,1,0.96491,0.99356,0.68619,0.96045,0.44122,0.82094,0.0014588,0.0014588,0.0014588
84,17869.1,1.29281,0.5321,0.78306,0.99011,0.97479,0.99467,0.67614,1.0187,0.45426,0.81848,0.0014522,0.0014522,0.0014522
85,18113,1.27918,0.53435,0.8104,0.9914,0.96921,0.99419,0.68631,0.9548,0.4285,0.81535,0.0014456,0.0014456,0.0014456
86,18351.8,1.29951,0.54009,0.80927,0.98096,0.9916,0.9945,0.66732,0.98129,0.4572,0.81497,0.001439,0.001439,0.001439
87,18600,1.28174,0.60052,0.80217,0.99145,0.97448,0.99315,0.69502,0.93981,0.4448,0.81766,0.0014324,0.0014324,0.0014324
88,18836.4,1.25958,0.52517,0.80427,0.98314,0.97979,0.99418,0.68536,1.00908,0.45262,0.82233,0.0014258,0.0014258,0.0014258
89,19042.1,1.30766,0.51478,0.79916,0.9906,0.96639,0.99307,0.64344,1.02489,0.48707,0.81539,0.0014192,0.0014192,0.0014192
90,19258.3,1.23717,0.52322,0.80738,0.98549,0.96639,0.99303,0.6799,0.97993,0.41112,0.81773,0.0014126,0.0014126,0.0014126
91,19440.2,1.20803,0.52383,0.81103,0.99008,0.97479,0.99356,0.69738,1.04787,0.43433,0.8211,0.001406,0.001406,0.001406
92,19679.5,1.27496,0.50451,0.80482,0.99599,0.98319,0.99422,0.69191,0.9667,0.42723,0.81339,0.0013994,0.0013994,0.0013994
93,19897.4,1.21793,0.51134,0.80019,0.99135,0.96319,0.98833,0.69478,0.9979,0.4655,0.81297,0.0013928,0.0013928,0.0013928
94,20100.3,1.21179,0.50926,0.80485,0.99143,0.97194,0.98711,0.70356,0.89235,0.42399,0.81098,0.0013862,0.0013862,0.0013862
95,20344.4,1.23627,0.49257,0.80432,0.98824,0.98319,0.99443,0.7011,0.98304,0.4527,0.8135,0.0013796,0.0013796,0.0013796
96,20560.5,1.24159,0.50659,0.81062,0.98311,0.97815,0.99388,0.69566,1.02906,0.4846,0.82284,0.001373,0.001373,0.001373
97,20759.3,1.24395,0.52655,0.80547,0.98464,0.97479,0.99425,0.68086,0.95133,0.4671,0.81113,0.0013664,0.0013664,0.0013664
98,21009.7,1.28039,0.51425,0.81016,1,0.96723,0.99381,0.7118,0.91498,0.43129,0.80973,0.0013598,0.0013598,0.0013598
99,21238.7,1.24463,0.51602,0.80433,0.99334,0.95798,0.9934,0.65745,0.96109,0.46406,0.81692,0.0013532,0.0013532,0.0013532
100,21440.7,1.26968,0.54127,0.80794,0.98282,0.97479,0.99337,0.69762,0.97753,0.42905,0.81248,0.0013466,0.0013466,0.0013466
101,21622.1,1.19788,0.50343,0.81175,0.99146,0.97526,0.99361,0.71312,0.97094,0.51617,0.80854,0.00134,0.00134,0.00134
102,21838.8,1.20365,0.52361,0.80342,0.98431,0.97479,0.99409,0.69387,0.93475,0.50025,0.8074,0.0013334,0.0013334,0.0013334
103,22041.1,1.26586,0.51512,0.79364,1,0.98103,0.99452,0.70212,0.94453,0.50736,0.81231,0.0013268,0.0013268,0.0013268
104,22288.6,1.25925,0.54059,0.79175,0.98179,0.97479,0.99326,0.67251,0.94258,0.43478,0.81363,0.0013202,0.0013202,0.0013202
105,22472,1.20299,0.50723,0.79494,0.98645,0.98319,0.99458,0.69099,0.90338,0.43007,0.80918,0.0013136,0.0013136,0.0013136
106,22686.5,1.24596,0.5054,0.80324,0.98539,0.97479,0.99319,0.70371,0.94759,0.4566,0.81129,0.001307,0.001307,0.001307
107,22938.8,1.19728,0.53764,0.80595,1,0.98703,0.995,0.72085,0.87342,0.42276,0.81272,0.0013004,0.0013004,0.0013004
108,23187.5,1.24386,0.51077,0.80647,1,0.96591,0.99459,0.70958,0.96135,0.47679,0.81341,0.0012938,0.0012938,0.0012938
109,23430.4,1.28648,0.54552,0.80976,0.99879,0.98319,0.99492,0.70303,0.98739,0.45501,0.81354,0.0012872,0.0012872,0.0012872
110,23613.1,1.24537,0.51248,0.80917,0.99151,0.98124,0.99458,0.70161,0.8888,0.42065,0.8096,0.0012806,0.0012806,0.0012806
111,23796.5,1.2322,0.48862,0.79369,0.99528,0.95798,0.98877,0.68551,0.93004,0.42783,0.81037,0.001274,0.001274,0.001274
112,23981.6,1.21977,0.51329,0.78199,0.99456,0.98319,0.99422,0.70533,0.96411,0.42244,0.81242,0.0012674,0.0012674,0.0012674
113,24166.6,1.24891,0.49176,0.80619,1,0.98021,0.995,0.70007,0.97909,0.45183,0.81312,0.0012608,0.0012608,0.0012608
114,24419.3,1.24471,0.51336,0.78609,0.99975,0.98319,0.99483,0.71139,0.9858,0.43868,0.81134,0.0012542,0.0012542,0.0012542
115,24617.4,1.24161,0.51343,0.79642,0.98212,0.98319,0.99442,0.70003,0.94653,0.41211,0.81051,0.0012476,0.0012476,0.0012476
116,24812.8,1.27039,0.50363,0.79972,0.97684,0.97479,0.99248,0.70704,0.98475,0.41705,0.81852,0.001241,0.001241,0.001241
117,25016.2,1.23136,0.49593,0.80228,0.98289,0.9652,0.98657,0.68731,0.97199,0.42969,0.81272,0.0012344,0.0012344,0.0012344
118,25214.7,1.24196,0.51272,0.8126,0.96602,0.97479,0.99307,0.69142,0.95187,0.42584,0.80872,0.0012278,0.0012278,0.0012278
119,25410.8,1.27653,0.50578,0.80798,0.98318,0.98253,0.99326,0.69119,0.93988,0.42379,0.81256,0.0012212,0.0012212,0.0012212
120,25606.2,1.24416,0.53252,0.7992,1,0.97397,0.99436,0.69081,0.953,0.41774,0.81406,0.0012146,0.0012146,0.0012146
121,25790.3,1.22691,0.48882,0.79184,0.99256,0.96639,0.99405,0.68906,0.95667,0.44572,0.81181,0.001208,0.001208,0.001208
122,25984.2,1.18711,0.48626,0.80374,0.99715,0.98319,0.99444,0.71641,0.92412,0.42284,0.80929,0.0012014,0.0012014,0.0012014
123,26170.5,1.19978,0.48575,0.79186,0.99715,0.98319,0.99437,0.7063,0.95723,0.4444,0.81313,0.0011948,0.0011948,0.0011948
124,26350.5,1.22644,0.52068,0.79929,0.98845,0.98319,0.9945,0.70667,0.90209,0.40029,0.80955,0.0011882,0.0011882,0.0011882
125,26532.8,1.2475,0.52227,0.79923,0.99546,0.97479,0.99436,0.67835,0.98355,0.4258,0.81638,0.0011816,0.0011816,0.0011816
126,26717,1.25085,0.50982,0.80231,1,0.99026,0.995,0.70571,0.92469,0.42532,0.81073,0.001175,0.001175,0.001175
127,26904.3,1.17107,0.47847,0.78479,0.96682,0.97941,0.9926,0.69761,0.92815,0.42684,0.8144,0.0011684,0.0011684,0.0011684
128,27087.1,1.20153,0.50315,0.78946,0.99152,0.98235,0.99383,0.70365,0.9136,0.51321,0.81363,0.0011618,0.0011618,0.0011618
129,27293.1,1.1864,0.47181,0.79412,0.98768,0.97479,0.99393,0.71699,0.91595,0.41582,0.8077,0.0011552,0.0011552,0.0011552
130,27533.8,1.22158,0.48305,0.80634,0.98316,0.98103,0.99384,0.71029,0.86152,0.41109,0.80434,0.0011486,0.0011486,0.0011486
131,27761.2,1.22065,0.50768,0.79886,0.96636,0.96555,0.99244,0.6706,0.90989,0.45568,0.80524,0.001142,0.001142,0.001142
132,28000.1,1.21069,0.48888,0.7967,0.98996,0.97479,0.99386,0.71025,0.91758,0.41352,0.80887,0.0011354,0.0011354,0.0011354
133,28216.2,1.16574,0.47192,0.78429,0.98984,0.97479,0.99386,0.70455,0.87749,0.38925,0.80412,0.0011288,0.0011288,0.0011288
134,28434.7,1.13274,0.49026,0.78948,0.99553,0.98319,0.99459,0.71002,0.87616,0.4049,0.8058,0.0011222,0.0011222,0.0011222
135,28615,1.1708,0.49361,0.79073,0.98719,0.96639,0.99303,0.7071,0.95341,0.42186,0.81214,0.0011156,0.0011156,0.0011156
136,28832.6,1.21812,0.49017,0.80194,0.97474,0.96639,0.99203,0.72083,0.94021,0.41321,0.80442,0.001109,0.001109,0.001109
137,29036.5,1.19902,0.49922,0.8001,0.99144,0.97307,0.99368,0.70266,0.92336,0.41877,0.80954,0.0011024,0.0011024,0.0011024
138,29268.6,1.22694,0.51634,0.79551,0.99137,0.96574,0.99335,0.70399,0.90766,0.4384,0.8095,0.0010958,0.0010958,0.0010958
139,29485.1,1.15781,0.48063,0.7999,1,0.98224,0.99415,0.69507,0.90461,0.47905,0.80763,0.0010892,0.0010892,0.0010892
140,29700.9,1.21794,0.45439,0.80195,0.99151,0.98172,0.99441,0.70427,0.93197,0.41144,0.81011,0.0010826,0.0010826,0.0010826
141,29914.4,1.17234,0.47762,0.79487,0.99736,0.98319,0.99483,0.72285,0.87172,0.41731,0.80716,0.001076,0.001076,0.001076
142,30130.4,1.21967,0.48362,0.80806,0.99824,0.98319,0.99452,0.71523,0.87402,0.42897,0.80492,0.0010694,0.0010694,0.0010694
143,30348.6,1.17575,0.4705,0.80617,0.99979,0.98319,0.99467,0.71295,0.932,0.40403,0.81272,0.0010628,0.0010628,0.0010628
144,30566.4,1.18593,0.50773,0.79341,1,0.96631,0.99286,0.69483,0.8809,0.4154,0.80914,0.0010562,0.0010562,0.0010562
145,30765.1,1.19563,0.4884,0.80736,1,0.98023,0.99437,0.6989,0.90124,0.41683,0.80724,0.0010496,0.0010496,0.0010496
146,31017.2,1.18697,0.46467,0.79461,1,0.97923,0.99387,0.70583,0.89573,0.41543,0.81176,0.001043,0.001043,0.001043
147,31262.2,1.22042,0.49249,0.80029,0.9765,0.97479,0.99352,0.71755,0.89605,0.41739,0.80865,0.0010364,0.0010364,0.0010364
148,31463,1.21148,0.49728,0.80362,0.99725,0.95798,0.98791,0.71349,0.90216,0.42598,0.80854,0.0010298,0.0010298,0.0010298
149,31668.1,1.20805,0.49755,0.79343,0.99612,0.98319,0.99475,0.71096,0.9411,0.47755,0.81143,0.0010232,0.0010232,0.0010232
150,31894.5,1.1473,0.48734,0.79365,0.99672,0.98319,0.99475,0.72808,0.85846,0.42066,0.80613,0.0010166,0.0010166,0.0010166
151,32074.2,1.14967,0.46252,0.79131,0.99856,0.98319,0.99475,0.70008,0.9032,0.43296,0.80801,0.00101,0.00101,0.00101
152,32303.8,1.20259,0.47527,0.79748,0.97449,0.96298,0.99255,0.71107,0.90603,0.43764,0.80792,0.0010034,0.0010034,0.0010034
153,32491,1.19354,0.46923,0.80033,1,0.98145,0.9943,0.7043,0.88746,0.43253,0.80779,0.0009968,0.0009968,0.0009968
154,32721.1,1.12063,0.47165,0.78657,0.96995,0.98319,0.99365,0.69766,0.92744,0.44001,0.81003,0.0009902,0.0009902,0.0009902
155,32975.4,1.17567,0.47656,0.79612,1,0.98049,0.99394,0.70435,0.90774,0.41679,0.81433,0.0009836,0.0009836,0.0009836
156,33188.8,1.16921,0.4619,0.80098,0.98314,0.98017,0.99315,0.71408,0.86742,0.41608,0.80852,0.000977,0.000977,0.000977
157,33432.8,1.14494,0.49755,0.78885,0.98956,0.98319,0.99355,0.71731,0.92243,0.4066,0.81597,0.0009704,0.0009704,0.0009704
158,33672.3,1.16931,0.49253,0.79083,0.983,0.97184,0.9924,0.70701,0.87641,0.423,0.80589,0.0009638,0.0009638,0.0009638
159,33905.8,1.1709,0.47649,0.78877,0.99124,0.97479,0.98944,0.71299,0.8838,0.4027,0.80866,0.0009572,0.0009572,0.0009572
160,34145.3,1.12891,0.45839,0.79248,0.9915,0.98047,0.9942,0.71615,0.8491,0.39002,0.80817,0.0009506,0.0009506,0.0009506
161,34330.7,1.19956,0.48261,0.80251,0.99153,0.96639,0.99434,0.7057,0.88372,0.41173,0.81397,0.000944,0.000944,0.000944
162,34549.1,1.18361,0.48332,0.80412,0.97955,0.98319,0.99317,0.7179,0.92113,0.4747,0.81553,0.0009374,0.0009374,0.0009374
163,34749,1.22939,0.47856,0.79404,0.98314,0.97985,0.99359,0.70955,0.86479,0.41306,0.81077,0.0009308,0.0009308,0.0009308
164,34949.9,1.21313,0.48107,0.79562,0.98668,0.98319,0.99389,0.72231,0.85317,0.44654,0.808,0.0009242,0.0009242,0.0009242
165,35153.3,1.23093,0.47527,0.7933,0.98793,0.9916,0.99441,0.70622,0.90483,0.40017,0.80924,0.0009176,0.0009176,0.0009176
166,35370.9,1.17617,0.47809,0.80701,0.98313,0.97925,0.99314,0.71291,0.9426,0.425,0.8136,0.000911,0.000911,0.000911
167,35578.7,1.17869,0.47899,0.79533,0.97485,0.97722,0.99246,0.71815,0.86309,0.47491,0.81009,0.0009044,0.0009044,0.0009044
168,35787.4,1.12357,0.44244,0.78492,0.99664,0.96639,0.99395,0.70935,0.83874,0.44202,0.80871,0.0008978,0.0008978,0.0008978
169,35986.1,1.17219,0.47621,0.80602,0.99883,0.98319,0.99429,0.70974,0.89314,0.46054,0.81152,0.0008912,0.0008912,0.0008912
170,36208.1,1.17879,0.46793,0.79955,0.98309,0.97729,0.99395,0.73301,0.88704,0.44511,0.81307,0.0008846,0.0008846,0.0008846
171,36413.8,1.1737,0.45863,0.79791,0.99772,0.98319,0.99429,0.73171,0.86364,0.41658,0.80677,0.000878,0.000878,0.000878
172,36612.1,1.17018,0.46945,0.79646,0.99838,0.98319,0.99422,0.72072,0.8489,0.40743,0.80847,0.0008714,0.0008714,0.0008714
173,36813.7,1.15702,0.47233,0.79691,0.98962,0.98319,0.99395,0.7208,0.85981,0.42244,0.80705,0.0008648,0.0008648,0.0008648
174,37036.5,1.15783,0.46254,0.80032,0.99084,0.98319,0.99483,0.71146,0.95521,0.48387,0.8112,0.0008582,0.0008582,0.0008582
175,37250.7,1.13787,0.46116,0.79093,1,0.98307,0.99492,0.72459,0.89351,0.43589,0.80819,0.0008516,0.0008516,0.0008516
176,37465.2,1.14118,0.50016,0.77459,1,0.97984,0.99415,0.7238,0.95021,0.42284,0.81042,0.000845,0.000845,0.000845
177,37663.7,1.18064,0.47379,0.80706,0.99977,0.98319,0.99437,0.73036,0.85083,0.42186,0.81058,0.0008384,0.0008384,0.0008384
178,37886.4,1.12964,0.44642,0.78863,0.99978,0.98319,0.99437,0.71131,0.89807,0.40245,0.81256,0.0008318,0.0008318,0.0008318
179,38092,1.19725,0.48093,0.78537,0.98933,0.98319,0.99381,0.71774,0.90993,0.4983,0.8134,0.0008252,0.0008252,0.0008252
180,38289.9,1.16186,0.49417,0.80374,0.9915,0.98041,0.99434,0.71175,0.92889,0.54151,0.81422,0.0008186,0.0008186,0.0008186
181,38491.5,1.15284,0.48004,0.79274,0.99151,0.98141,0.99449,0.71744,0.88282,0.46703,0.81232,0.000812,0.000812,0.000812
182,38687.6,1.17417,0.462,0.78986,0.99836,0.98319,0.99408,0.71635,0.85569,0.45897,0.80396,0.0008054,0.0008054,0.0008054
183,38895.6,1.15811,0.46857,0.79178,0.99139,0.9676,0.99362,0.72348,0.85347,0.43279,0.80731,0.0007988,0.0007988,0.0007988
184,39103.7,1.18068,0.47438,0.79134,0.99346,0.98319,0.99492,0.71599,0.87056,0.48154,0.80752,0.0007922,0.0007922,0.0007922
185,39288.7,1.1528,0.46824,0.80396,0.99104,0.98319,0.99444,0.73221,0.87426,0.47809,0.80434,0.0007856,0.0007856,0.0007856
186,39507,1.14597,0.46999,0.78519,0.99152,0.98232,0.99403,0.71617,0.909,0.48416,0.8097,0.000779,0.000779,0.000779
187,39707.3,1.13383,0.45449,0.79984,0.98308,0.97642,0.9937,0.73144,0.85875,0.49034,0.80409,0.0007724,0.0007724,0.0007724
188,39913.2,1.11475,0.45751,0.79578,0.98318,0.98231,0.99358,0.71166,0.88015,0.49383,0.80374,0.0007658,0.0007658,0.0007658
189,40119.5,1.1297,0.456,0.79143,0.97258,0.98319,0.99258,0.73229,0.87021,0.50535,0.80334,0.0007592,0.0007592,0.0007592
190,40315.3,1.13382,0.45595,0.77906,0.98284,0.98319,0.99333,0.72153,0.9071,0.51104,0.80699,0.0007526,0.0007526,0.0007526
191,40523.1,1.15732,0.4585,0.80791,0.99151,0.98159,0.99426,0.7358,0.91051,0.47927,0.80828,0.000746,0.000746,0.000746
192,40731.9,1.11274,0.46071,0.79364,0.98042,0.98319,0.9937,0.7203,0.93661,0.50221,0.8097,0.0007394,0.0007394,0.0007394
193,40916.8,1.14055,0.46121,0.79153,0.99145,0.97469,0.99345,0.72005,0.87512,0.51743,0.80352,0.0007328,0.0007328,0.0007328
194,41139.2,1.15076,0.46994,0.78594,0.97977,0.98319,0.99378,0.72224,0.83311,0.41892,0.80432,0.0007262,0.0007262,0.0007262
195,41338.3,1.18443,0.44905,0.79972,0.98326,0.97479,0.99368,0.72185,0.85989,0.39189,0.80625,0.0007196,0.0007196,0.0007196
196,41536.5,1.1534,0.46202,0.79526,0.99663,0.98319,0.9946,0.71774,0.83987,0.40826,0.80881,0.000713,0.000713,0.000713
197,41756.9,1.12296,0.45645,0.79164,1,0.97343,0.99443,0.72427,0.84622,0.41344,0.80438,0.0007064,0.0007064,0.0007064
198,41965.1,1.10223,0.45324,0.79486,0.99945,0.98319,0.99452,0.72098,0.82169,0.41995,0.80707,0.0006998,0.0006998,0.0006998
199,42173,1.11715,0.44932,0.77745,0.99618,0.98319,0.99459,0.72514,0.89613,0.45965,0.8068,0.0006932,0.0006932,0.0006932
200,42381.8,1.13019,0.47162,0.78013,0.98336,0.98319,0.99442,0.72465,0.87189,0.43255,0.80579,0.0006866,0.0006866,0.0006866
201,42566,1.14332,0.46203,0.79341,0.99743,0.98319,0.99483,0.71326,0.87911,0.43484,0.80858,0.00068,0.00068,0.00068
202,42782.4,1.13174,0.46574,0.78917,0.99773,0.98319,0.99437,0.72961,0.86574,0.444,0.80463,0.0006734,0.0006734,0.0006734
203,43014.8,1.13741,0.46085,0.7905,0.99485,0.98319,0.99492,0.7281,0.87775,0.45686,0.80767,0.0006668,0.0006668,0.0006668
204,43220.9,1.15048,0.4593,0.79313,1,0.98307,0.99483,0.72983,0.88988,0.48498,0.80882,0.0006602,0.0006602,0.0006602
205,43461.6,1.12014,0.46352,0.80092,0.99933,0.98319,0.99483,0.72783,0.88053,0.44994,0.80732,0.0006536,0.0006536,0.0006536
206,43684.5,1.15663,0.45766,0.79809,1,0.97777,0.99492,0.72793,0.90135,0.4809,0.81285,0.000647,0.000647,0.000647
207,43925.7,1.10114,0.44132,0.79116,0.99331,0.97479,0.99421,0.72927,0.85048,0.45505,0.80797,0.0006404,0.0006404,0.0006404
208,44162.7,1.09331,0.44988,0.7959,0.98702,0.98319,0.99411,0.72157,0.85951,0.46446,0.8048,0.0006338,0.0006338,0.0006338
209,44369.8,1.11259,0.44684,0.789,1,0.98056,0.99459,0.71997,0.85533,0.4972,0.80767,0.0006272,0.0006272,0.0006272
210,44591.5,1.11527,0.46322,0.7757,0.99885,0.98319,0.99437,0.72274,0.88767,0.48874,0.80867,0.0006206,0.0006206,0.0006206
211,44818.4,1.13092,0.44268,0.78876,0.99627,0.98319,0.99483,0.72197,0.83036,0.46277,0.80541,0.000614,0.000614,0.000614
212,45029.9,1.10741,0.4473,0.79552,0.99369,0.97479,0.99451,0.72047,0.84039,0.49815,0.8056,0.0006074,0.0006074,0.0006074
213,45269.4,1.09668,0.45414,0.78885,1,0.97954,0.99467,0.73658,0.87266,0.51712,0.80657,0.0006008,0.0006008,0.0006008
214,45449.6,1.13691,0.4524,0.79004,0.99147,0.97661,0.99459,0.73344,0.87261,0.56991,0.81021,0.0005942,0.0005942,0.0005942
215,45633.3,1.13252,0.43883,0.79525,0.99613,0.97479,0.99404,0.71872,0.89066,0.57702,0.8131,0.0005876,0.0005876,0.0005876
216,45819.6,1.08751,0.43076,0.78485,0.99447,0.97479,0.99475,0.7285,0.88001,0.57261,0.80723,0.000581,0.000581,0.000581
217,46004.4,1.12576,0.4563,0.78007,0.99639,0.97479,0.99382,0.71304,0.85644,0.53384,0.80692,0.0005744,0.0005744,0.0005744
218,46206,1.08663,0.44002,0.78841,0.99144,0.97276,0.99345,0.72076,0.82729,0.48922,0.80536,0.0005678,0.0005678,0.0005678
219,46411.8,1.12252,0.44436,0.78335,1,0.98318,0.99437,0.7275,0.85637,0.46067,0.80842,0.0005612,0.0005612,0.0005612
220,46615.6,1.15241,0.47038,0.79386,0.99153,0.98377,0.99492,0.73626,0.89489,0.46928,0.80714,0.0005546,0.0005546,0.0005546
221,46823.4,1.1362,0.44062,0.7962,0.99557,0.97479,0.9945,0.73221,0.88903,0.58791,0.80997,0.000548,0.000548,0.000548
222,47019.8,1.11761,0.43591,0.79725,0.9831,0.97789,0.99467,0.72863,0.86204,0.53152,0.80961,0.0005414,0.0005414,0.0005414
223,47235.6,1.07614,0.44251,0.78771,0.998,0.97479,0.99368,0.72718,0.86566,0.5312,0.8053,0.0005348,0.0005348,0.0005348
224,47450.3,1.1153,0.44805,0.78002,0.99883,0.98319,0.99444,0.72649,0.8584,0.45147,0.80582,0.0005282,0.0005282,0.0005282
225,47634.1,1.11204,0.43805,0.7832,1,0.98226,0.99429,0.72297,0.84881,0.43389,0.80484,0.0005216,0.0005216,0.0005216
226,47836.4,1.06108,0.42359,0.79657,1,0.98175,0.99408,0.7288,0.84148,0.42356,0.80557,0.000515,0.000515,0.000515
227,48025.9,1.09526,0.43241,0.78867,0.99151,0.98127,0.99381,0.72977,0.85994,0.44757,0.80504,0.0005084,0.0005084,0.0005084
228,48229.9,1.10396,0.45447,0.78639,1,0.98278,0.99452,0.73869,0.82502,0.3818,0.80321,0.0005018,0.0005018,0.0005018
229,48443.9,1.07036,0.43731,0.78921,0.98657,0.98319,0.99411,0.73127,0.84727,0.43744,0.80422,0.0004952,0.0004952,0.0004952
230,48658.7,1.08665,0.42856,0.78003,1,0.98098,0.99444,0.72187,0.83688,0.45064,0.80412,0.0004886,0.0004886,0.0004886
231,48873.4,1.13488,0.44073,0.79941,0.99669,0.98319,0.99467,0.71779,0.85214,0.44031,0.80733,0.000482,0.000482,0.000482
232,49089,1.11458,0.43909,0.77934,1,0.98018,0.99467,0.72462,0.8705,0.4176,0.80927,0.0004754,0.0004754,0.0004754
233,49273,1.10837,0.43059,0.79612,1,0.98024,0.99483,0.73252,0.87456,0.44416,0.80712,0.0004688,0.0004688,0.0004688
234,49494.9,1.11554,0.44273,0.7916,0.98565,0.97479,0.99348,0.71941,0.84217,0.43555,0.80531,0.0004622,0.0004622,0.0004622
235,49729.5,1.11678,0.45358,0.78844,0.98772,0.98319,0.99373,0.72172,0.86442,0.42692,0.80646,0.0004556,0.0004556,0.0004556
236,49909.7,1.10659,0.4454,0.79291,0.99156,0.98728,0.99391,0.71881,0.85902,0.42264,0.80689,0.000449,0.000449,0.000449
237,50095.3,1.08109,0.43113,0.78391,0.9889,0.98319,0.99357,0.71794,0.85499,0.41953,0.80592,0.0004424,0.0004424,0.0004424
238,50277.6,1.08977,0.43531,0.78805,0.99059,0.98319,0.99392,0.72252,0.86838,0.42632,0.8069,0.0004358,0.0004358,0.0004358
239,50461.7,1.11805,0.46607,0.78002,0.99152,0.98294,0.99425,0.71948,0.85792,0.475,0.80648,0.0004292,0.0004292,0.0004292
240,50648,1.08751,0.46713,0.77831,0.9915,0.98024,0.99435,0.71979,0.91793,0.44289,0.80741,0.0004226,0.0004226,0.0004226
241,50837,1.09275,0.42594,0.80004,0.99145,0.97452,0.99409,0.7275,0.90431,0.48863,0.80781,0.000416,0.000416,0.000416
242,51035.1,1.10306,0.43214,0.7905,0.98783,0.98319,0.99441,0.72722,0.88869,0.47352,0.80461,0.0004094,0.0004094,0.0004094
243,51240.7,1.09673,0.43447,0.7992,0.9858,0.98319,0.99424,0.73204,0.8515,0.46642,0.80363,0.0004028,0.0004028,0.0004028
244,51441.3,1.05219,0.41416,0.79021,0.98639,0.98319,0.99416,0.73174,0.84951,0.44508,0.80385,0.0003962,0.0003962,0.0003962
245,51618.5,1.11073,0.43121,0.78419,0.98895,0.98319,0.99374,0.72583,0.84488,0.44848,0.80326,0.0003896,0.0003896,0.0003896
246,51829.6,1.0913,0.43766,0.79071,0.98794,0.98319,0.99424,0.72962,0.86297,0.45695,0.80459,0.000383,0.000383,0.000383
247,52040.5,1.04669,0.43832,0.78757,0.98319,0.98329,0.99458,0.72704,0.86701,0.46492,0.80662,0.0003764,0.0003764,0.0003764
248,52251.7,1.09427,0.42196,0.79152,0.99095,0.98319,0.99475,0.72956,0.8718,0.45669,0.80513,0.0003698,0.0003698,0.0003698
249,52435.8,1.06716,0.42231,0.79051,0.98709,0.98319,0.99442,0.72756,0.85504,0.45401,0.80396,0.0003632,0.0003632,0.0003632
250,52634.3,1.11089,0.42934,0.80225,0.98696,0.98319,0.99433,0.73209,0.84587,0.45118,0.80434,0.0003566,0.0003566,0.0003566
251,52840.2,1.04245,0.40959,0.78711,0.98764,0.98319,0.99458,0.72597,0.85235,0.43,0.80528,0.00035,0.00035,0.00035
252,53038.2,1.09763,0.43427,0.78965,0.98924,0.98319,0.9945,0.72774,0.86419,0.42441,0.80536,0.0003434,0.0003434,0.0003434
253,53240,1.05962,0.41714,0.79297,0.98826,0.98319,0.99441,0.73228,0.89594,0.45041,0.80736,0.0003368,0.0003368,0.0003368
254,53435.6,1.06305,0.42663,0.7914,0.99146,0.97508,0.99442,0.7272,0.8946,0.47554,0.80656,0.0003302,0.0003302,0.0003302
255,53643.3,1.09211,0.43099,0.79172,0.99153,0.98316,0.99441,0.73312,0.86993,0.44572,0.80432,0.0003236,0.0003236,0.0003236
256,53858.2,1.13838,0.44377,0.78783,0.98174,0.98319,0.99441,0.74159,0.87685,0.4657,0.8068,0.000317,0.000317,0.000317
257,54043.3,1.04436,0.41638,0.78491,0.99143,0.97262,0.99442,0.73602,0.88339,0.51317,0.80704,0.0003104,0.0003104,0.0003104
258,54241.7,1.06434,0.41533,0.79801,0.98995,0.97479,0.99425,0.73402,0.87464,0.50844,0.80668,0.0003038,0.0003038,0.0003038
259,54442.4,1.09095,0.42885,0.77623,0.99149,0.97873,0.99432,0.73468,0.85341,0.48942,0.80706,0.0002972,0.0002972,0.0002972
260,54699.8,1.04958,0.44557,0.78563,0.99149,0.97948,0.99458,0.72885,0.86564,0.5321,0.80775,0.0002906,0.0002906,0.0002906
261,54908.7,1.07198,0.42153,0.79062,0.99144,0.97356,0.99441,0.72807,0.83212,0.48594,0.80395,0.000284,0.000284,0.000284
262,55117.7,1.08966,0.42413,0.79006,1,0.97456,0.99467,0.73552,0.85037,0.50802,0.80306,0.0002774,0.0002774,0.0002774
263,55326.3,1.04647,0.41994,0.77571,0.9929,0.97479,0.99467,0.72656,0.85565,0.50939,0.8056,0.0002708,0.0002708,0.0002708
264,55535.5,1.0764,0.41537,0.8027,1,0.97249,0.99459,0.72636,0.8624,0.47062,0.80558,0.0002642,0.0002642,0.0002642
265,55720.6,1.05379,0.43346,0.79455,1,0.97338,0.99443,0.7325,0.84166,0.41884,0.80497,0.0002576,0.0002576,0.0002576
266,55919.3,1.08653,0.42275,0.79513,1,0.97348,0.99467,0.73513,0.83253,0.41961,0.80414,0.000251,0.000251,0.000251
267,56122.1,1.05637,0.43605,0.78387,1,0.97525,0.99475,0.72933,0.84263,0.41776,0.80416,0.0002444,0.0002444,0.0002444
268,56323.3,1.11547,0.42967,0.78304,1,0.97682,0.99475,0.72405,0.84917,0.39555,0.80472,0.0002378,0.0002378,0.0002378
269,56526.7,1.06432,0.43061,0.78571,0.99438,0.98319,0.99492,0.728,0.85179,0.39442,0.80426,0.0002312,0.0002312,0.0002312
270,56745.8,1.08887,0.42345,0.79378,1,0.97547,0.99483,0.72555,0.85753,0.41001,0.80484,0.0002246,0.0002246,0.0002246
271,56954.1,1.04269,0.41486,0.78924,1,0.97999,0.99483,0.72507,0.86373,0.40934,0.80624,0.000218,0.000218,0.000218
272,57162.8,1.03489,0.42049,0.78482,1,0.98118,0.99483,0.72856,0.83928,0.39454,0.80722,0.0002114,0.0002114,0.0002114
273,57347.4,1.05813,0.42485,0.78343,1,0.97986,0.99475,0.72678,0.84928,0.39308,0.80863,0.0002048,0.0002048,0.0002048
274,57551.5,1.04179,0.42721,0.7751,1,0.98154,0.99467,0.72926,0.8461,0.38311,0.80832,0.0001982,0.0001982,0.0001982
275,57742.1,1.05404,0.45532,0.7854,0.99774,0.98319,0.99467,0.73512,0.85519,0.38618,0.80706,0.0001916,0.0001916,0.0001916
276,57939.5,1.03496,0.41771,0.78873,0.9988,0.98319,0.99459,0.73085,0.86468,0.39894,0.80651,0.000185,0.000185,0.000185
277,58144.9,1.08606,0.42396,0.78974,0.99642,0.98319,0.99492,0.73127,0.88041,0.40575,0.80801,0.0001784,0.0001784,0.0001784
278,58346.4,1.07519,0.42052,0.78231,0.99147,0.97675,0.99451,0.73071,0.8732,0.39771,0.8071,0.0001718,0.0001718,0.0001718
279,58556.6,1.05268,0.41332,0.78605,1,0.98159,0.99437,0.73013,0.87246,0.38905,0.80636,0.0001652,0.0001652,0.0001652
280,58766.7,1.04998,0.40861,0.78654,0.99704,0.98319,0.99492,0.7324,0.85841,0.39068,0.80694,0.0001586,0.0001586,0.0001586
281,58937,1.06114,0.42214,0.78835,0.99763,0.98319,0.99437,0.73089,0.8621,0.41601,0.80648,0.000152,0.000152,0.000152
282,59135.1,1.07016,0.4275,0.79294,0.99839,0.98319,0.99429,0.73136,0.86511,0.42756,0.80768,0.0001454,0.0001454,0.0001454
283,59340.2,1.04953,0.42692,0.78114,0.99705,0.98319,0.99437,0.7286,0.87496,0.43365,0.80844,0.0001388,0.0001388,0.0001388
284,59545.1,1.03026,0.41902,0.78419,0.99154,0.98452,0.99492,0.72913,0.86687,0.42353,0.80598,0.0001322,0.0001322,0.0001322
285,59766.8,1.07061,0.42378,0.78959,1,0.97928,0.99475,0.73318,0.85859,0.41482,0.80527,0.0001256,0.0001256,0.0001256
286,59968.8,1.04842,0.41497,0.78163,0.9923,0.97479,0.99413,0.73292,0.85231,0.4106,0.80459,0.000119,0.000119,0.000119
287,60184.1,1.01391,0.41474,0.79131,0.99216,0.97479,0.99421,0.73584,0.86382,0.41229,0.80504,0.0001124,0.0001124,0.0001124
288,60395.2,1.04161,0.41102,0.78742,0.99195,0.97479,0.99421,0.73813,0.85891,0.41681,0.80498,0.0001058,0.0001058,0.0001058
289,60593.4,1.0216,0.39172,0.7858,0.99152,0.98228,0.99421,0.73671,0.85102,0.4134,0.80493,9.92e-05,9.92e-05,9.92e-05
290,60795.4,1.03209,0.40722,0.80259,0.99152,0.98261,0.99421,0.73887,0.8437,0.40705,0.80438,9.26e-05,9.26e-05,9.26e-05
291,60947.8,1.01604,0.41683,0.74165,0.98617,0.97479,0.99416,0.72847,0.87064,0.42004,0.80475,8.6e-05,8.6e-05,8.6e-05
292,61065.3,1.04621,0.42466,0.76448,0.9888,0.97479,0.99367,0.72994,0.86834,0.43073,0.80614,7.94e-05,7.94e-05,7.94e-05
293,61179.4,1.07473,0.42134,0.78218,0.98803,0.97479,0.99359,0.73354,0.85549,0.42909,0.80525,7.28e-05,7.28e-05,7.28e-05
294,61290,1.08537,0.42348,0.7726,0.98712,0.97479,0.99366,0.72421,0.86818,0.42876,0.80559,6.62e-05,6.62e-05,6.62e-05
295,61402.9,1.04663,0.41818,0.7523,0.98665,0.97479,0.99366,0.72698,0.86341,0.42846,0.80516,5.96e-05,5.96e-05,5.96e-05
296,61514.2,1.0711,0.41117,0.77284,0.99149,0.97934,0.99341,0.72517,0.86676,0.4318,0.80524,5.3e-05,5.3e-05,5.3e-05
297,61674.5,1.04234,0.3979,0.76356,0.99149,0.97941,0.9935,0.72539,0.85693,0.43396,0.80484,4.64e-05,4.64e-05,4.64e-05
298,61820.9,1.0492,0.43203,0.78183,0.99149,0.97961,0.9935,0.73257,0.85232,0.42593,0.80418,3.98e-05,3.98e-05,3.98e-05
299,61979.4,1.0379,0.40379,0.78022,0.99149,0.97933,0.99366,0.73076,0.86068,0.4208,0.80371,3.32e-05,3.32e-05,3.32e-05
300,62129.6,1.01755,0.413,0.76859,0.99149,0.97939,0.99375,0.72866,0.86703,0.4225,0.80359,2.66e-05,2.66e-05,2.66e-05
